date,E-Today(KWH),A0-Grid over voltage,A1-Grid under voltage,A2-Grid absent,A3-Grid over frequency,A4-Grid under frequency,A6-Grid abnormal
2024-11-16,8,0.0,0.0,0.0,0.0,0.0,0.0
2024-11-17,40,0.0,0.0,0.0,0.0,0.0,0.0
2024-11-18,39,0.0,0.0,0.0,0.0,0.0,0.0
2024-11-19,39,0.0,1.0,1.0,0.0,1.0,0.0
2024-11-20,36,0.0,0.0,0.0,0.0,0.0,0.0
2024-11-21,32,0.0,0.0,0.0,0.0,0.0,0.0
2024-11-22,28,0.0,0.0,0.0,0.0,0.0,0.0
2024-11-23,20,0.0,2.0,2.0,2.0,2.0,0.0
2024-11-24,31,0.0,0.0,0.0,0.0,0.0,0.0
2024-11-25,35,0.0,0.0,0.0,0.0,0.0,0.0
2024-11-26,28,0.0,2.0,2.0,2.0,2.0,0.0
2024-11-27,25,0.0,2.0,2.0,0.0,2.0,0.0
2024-11-28,28,0.0,0.0,0.0,0.0,0.0,0.0
2024-11-29,7,0.0,0.0,0.0,0.0,0.0,0.0
2024-11-30,34,0.0,0.0,0.0,0.0,0.0,0.0
2024-12-01,23,0.0,0.0,0.0,0.0,0.0,0.0
2024-12-02,24,0.0,2.0,2.0,2.0,2.0,0.0
2024-12-03,33,0.0,0.0,0.0,0.0,0.0,0.0
2024-12-04,35,0.0,0.0,0.0,0.0,0.0,0.0
2024-12-05,34,0.0,0.0,0.0,0.0,0.0,0.0
2024-12-06,33,0.0,0.0,0.0,0.0,0.0,0.0
2024-12-07,29,0.0,0.0,0.0,0.0,0.0,0.0
2024-12-08,27,0.0,0.0,0.0,0.0,0.0,0.0
2024-12-09,37,0.0,0.0,0.0,0.0,0.0,0.0
2024-12-10,30,0.0,0.0,0.0,0.0,0.0,0.0
2024-12-11,30,0.0,0.0,0.0,0.0,0.0,0.0
2024-12-12,30,0.0,0.0,0.0,0.0,0.0,0.0
2024-12-13,30,0.0,0.0,0.0,0.0,0.0,0.0
2024-12-14,23,0.0,0.0,0.0,0.0,0.0,0.0
2024-12-15,23,0.0,0.0,0.0,0.0,0.0,0.0
2024-12-16,26,0.0,0.0,0.0,0.0,0.0,0.0
2024-12-17,23,0.0,2.0,2.0,2.0,2.0,0.0
2024-12-18,14,0.0,0.0,0.0,0.0,0.0,0.0
2024-12-19,22,0.0,0.0,0.0,0.0,0.0,0.0
2024-12-20,22,0.0,2.0,4.0,0.0,2.0,0.0
2024-12-21,20,0.0,0.0,0.0,0.0,0.0,0.0
2024-12-22,18,0.0,0.0,0.0,0.0,0.0,0.0
2024-12-23,20,0.0,0.0,0.0,0.0,0.0,0.0
2024-12-24,20,0.0,0.0,0.0,0.0,0.0,0.0
2024-12-25,25,0.0,0.0,0.0,0.0,0.0,0.0
2024-12-26,25,0.0,0.0,0.0,0.0,0.0,0.0
2024-12-27,18,0.0,0.0,0.0,0.0,0.0,0.0
2024-12-28,21,0.0,0.0,0.0,0.0,0.0,0.0
2024-12-29,22,0.0,0.0,0.0,0.0,0.0,0.0
2024-12-30,26,2.0,0.0,0.0,0.0,0.0,0.0
2024-12-31,11,4.0,0.0,0.0,0.0,0.0,0.0
2025-01-01,17,0.0,0.0,0.0,0.0,0.0,0.0
2025-01-02,14,4.0,0.0,0.0,0.0,0.0,0.0
2025-01-03,25,2.0,0.0,0.0,0.0,0.0,0.0
2025-01-04,7,0.0,0.0,0.0,0.0,0.0,0.0
2025-01-05,30,0.0,0.0,0.0,0.0,0.0,0.0
2025-01-06,38,0.0,0.0,0.0,0.0,0.0,0.0
2025-01-07,36,4.0,0.0,0.0,0.0,0.0,0.0
2025-01-08,38,0.0,0.0,0.0,0.0,0.0,0.0
2025-01-09,37,0.0,0.0,0.0,0.0,0.0,0.0
2025-01-10,29,8.0,0.0,0.0,0.0,0.0,0.0
2025-01-11,28,0.0,0.0,0.0,0.0,0.0,0.0
2025-01-12,26,0.0,0.0,0.0,0.0,0.0,0.0
2025-01-13,32,2.0,0.0,0.0,0.0,0.0,0.0
2025-01-14,18,0.0,0.0,0.0,0.0,0.0,0.0
2025-01-15,24,10.0,0.0,0.0,0.0,0.0,0.0
2025-01-16,26,0.0,0.0,0.0,0.0,0.0,0.0
2025-01-17,25,2.0,2.0,2.0,2.0,2.0,0.0
2025-01-18,26,0.0,0.0,0.0,0.0,0.0,0.0
2025-01-19,13,3.0,0.0,0.0,0.0,0.0,0.0
2025-01-20,11,2.0,0.0,0.0,0.0,0.0,0.0
2025-01-21,33,8.0,0.0,0.0,0.0,0.0,0.0
2025-01-22,22,8.0,0.0,0.0,0.0,0.0,0.0
2025-01-23,38,2.0,0.0,0.0,0.0,0.0,0.0
2025-01-24,39,2.0,0.0,0.0,0.0,0.0,0.0
2025-01-25,41,0.0,0.0,0.0,0.0,0.0,0.0
2025-01-26,39,0.0,0.0,0.0,0.0,0.0,0.0
2025-01-27,38,0.0,0.0,0.0,0.0,0.0,0.0
2025-01-28,34,0.0,0.0,0.0,0.0,0.0,0.0
2025-01-29,16,8.0,0.0,0.0,0.0,0.0,0.0
2025-01-30,36,0.0,0.0,0.0,0.0,0.0,0.0
2025-01-31,35,6.0,0.0,0.0,0.0,0.0,0.0
2025-02-01,33,2.0,0.0,0.0,0.0,0.0,0.0
2025-02-02,37,0.0,0.0,0.0,0.0,0.0,0.0
2025-02-03,37,0.0,0.0,0.0,0.0,0.0,0.0
2025-02-04,30,0.0,0.0,0.0,0.0,0.0,0.0
2025-02-05,33,0.0,0.0,0.0,0.0,0.0,0.0
2025-02-06,40,0.0,0.0,0.0,0.0,0.0,0.0
2025-02-07,40,0.0,0.0,0.0,0.0,0.0,0.0
2025-02-08,37,0.0,0.0,0.0,0.0,0.0,0.0
2025-02-09,35,0.0,0.0,0.0,0.0,0.0,0.0
2025-02-10,12,0.0,0.0,0.0,0.0,0.0,0.0
2025-02-11,29,0.0,0.0,0.0,0.0,0.0,0.0
2025-02-12,45,0.0,0.0,0.0,0.0,0.0,0.0
2025-02-13,49,0.0,2.0,2.0,2.0,2.0,0.0
2025-02-14,16,12.0,0.0,0.0,0.0,0.0,0.0
2025-02-15,41,0.0,0.0,0.0,0.0,0.0,0.0
2025-02-16,25,10.0,0.0,0.0,0.0,0.0,0.0
2025-02-17,17,0.0,2.0,2.0,0.0,2.0,0.0
2025-02-18,27,0.0,0.0,0.0,0.0,0.0,0.0
2025-02-19,30,0.0,0.0,0.0,0.0,0.0,0.0
2025-02-20,25,0.0,4.0,4.0,4.0,4.0,0.0
2025-02-21,32,8.0,0.0,0.0,0.0,0.0,0.0
2025-02-22,31,10.0,8.0,8.0,4.0,8.0,0.0
2025-02-23,48,0.0,0.0,0.0,0.0,0.0,0.0
2025-02-24,31,2.0,0.0,0.0,0.0,0.0,0.0
2025-02-25,4,0.0,2.0,2.0,2.0,2.0,0.0
2025-02-26,14,0.0,0.0,0.0,0.0,0.0,0.0
2025-02-27,15,0.0,0.0,0.0,0.0,0.0,0.0
2025-02-28,27,0.0,8.0,8.0,2.0,8.0,0.0
2025-03-01,49,6.0,0.0,0.0,0.0,0.0,0.0
2025-03-02,50,6.0,0.0,0.0,0.0,0.0,0.0
2025-03-03,10,0.0,0.0,0.0,0.0,0.0,0.0
2025-03-04,57,0.0,4.0,0.0,0.0,0.0,0.0
2025-03-05,59,4.0,0.0,0.0,0.0,0.0,0.0
2025-03-06,12,6.0,4.0,0.0,0.0,2.0,3.0
2025-03-07,1,1.0,3.0,2.0,0.0,3.0,6.0
2025-03-08,58,0.0,2.0,0.0,0.0,0.0,0.0
2025-03-09,36,0.0,0.0,0.0,0.0,0.0,0.0
2025-03-10,11,0.0,2.0,2.0,2.0,2.0,0.0
2025-03-11,35,16.0,0.0,0.0,0.0,0.0,0.0
2025-03-12,48,0.0,0.0,0.0,0.0,0.0,0.0
2025-03-13,41,0.0,2.0,0.0,0.0,0.0,0.0
2025-03-14,33,2.0,0.0,0.0,0.0,0.0,0.0
2025-03-15,41,4.0,0.0,0.0,0.0,0.0,0.0
2025-03-16,55,0.0,0.0,0.0,0.0,0.0,0.0
2025-03-17,50,0.0,0.0,0.0,0.0,0.0,0.0
2025-03-18,47,0.0,0.0,0.0,0.0,0.0,0.0
2025-03-19,36,50.0,2.0,2.0,2.0,2.0,2.0
2025-03-20,55,2.0,0.0,0.0,0.0,0.0,0.0
2025-03-21,45,2.0,0.0,0.0,0.0,0.0,0.0
2025-03-22,51,0.0,2.0,0.0,0.0,0.0,0.0
2025-03-23,51,8.0,0.0,0.0,0.0,0.0,0.0
2025-03-24,28,2.0,2.0,0.0,0.0,0.0,0.0
2025-03-25,25,2.0,8.0,22.0,4.0,8.0,0.0
2025-03-26,13,0.0,4.0,4.0,2.0,4.0,0.0
2025-03-27,55,0.0,0.0,0.0,0.0,0.0,0.0
2025-03-28,49,8.0,0.0,0.0,0.0,0.0,0.0
2025-03-29,55,4.0,2.0,2.0,2.0,2.0,0.0
2025-03-30,61,0.0,0.0,0.0,0.0,0.0,0.0
2025-03-31,40,8.0,0.0,0.0,0.0,0.0,0.0
2025-04-01,55,10.0,0.0,0.0,0.0,0.0,0.0
2025-04-02,54,0.0,0.0,0.0,0.0,0.0,0.0
2025-04-03,24,0.0,0.0,0.0,0.0,0.0,0.0
2025-04-04,62,0.0,0.0,0.0,0.0,0.0,0.0
2025-04-05,58,0.0,0.0,0.0,0.0,0.0,0.0
2025-04-06,56,0.0,0.0,0.0,0.0,0.0,0.0
2025-04-07,53,0.0,0.0,0.0,0.0,0.0,0.0
2025-04-08,35,0.0,3.0,3.0,2.0,3.0,0.0
2025-04-09,32,0.0,0.0,0.0,0.0,0.0,0.0
2025-04-10,44,0.0,0.0,0.0,0.0,0.0,0.0
2025-04-11,56,0.0,2.0,2.0,0.0,2.0,0.0
2025-04-12,57,0.0,2.0,2.0,0.0,2.0,0.0
2025-04-13,54,0.0,2.0,0.0,0.0,0.0,0.0
2025-04-14,55,0.0,0.0,0.0,0.0,0.0,0.0
2025-04-15,56,0.0,0.0,0.0,0.0,0.0,0.0
2025-04-16,29,0.0,4.0,4.0,2.0,4.0,0.0
2025-04-17,47,0.0,0.0,0.0,0.0,0.0,0.0
2025-04-18,31,0.0,2.0,2.0,2.0,2.0,0.0
2025-04-19,53,0.0,2.0,2.0,2.0,2.0,0.0
2025-04-20,57,0.0,0.0,0.0,0.0,0.0,0.0
2025-04-21,55,0.0,0.0,0.0,0.0,0.0,0.0
2025-04-22,55,0.0,0.0,0.0,0.0,0.0,0.0
2025-04-23,53,0.0,2.0,2.0,0.0,2.0,0.0
2025-04-24,51,0.0,0.0,0.0,0.0,0.0,0.0
2025-04-25,55,2.0,0.0,0.0,0.0,0.0,0.0
2025-04-26,57,0.0,2.0,2.0,2.0,2.0,0.0
2025-04-27,58,0.0,0.0,0.0,0.0,0.0,0.0
2025-04-28,45,0.0,2.0,2.0,2.0,2.0,0.0
2025-04-29,56,0.0,0.0,0.0,0.0,0.0,0.0
2025-04-30,44,0.0,0.0,0.0,0.0,0.0,0.0
2025-05-01,37,4.0,2.0,2.0,0.0,2.0,0.0
2025-05-02,52,0.0,0.0,0.0,0.0,0.0,0.0
2025-05-03,18,0.0,2.0,2.0,2.0,2.0,0.0
2025-05-04,20,0.0,0.0,0.0,0.0,0.0,0.0
2025-05-05,56,0.0,0.0,0.0,0.0,0.0,0.0
2025-05-06,48,0.0,0.0,0.0,0.0,0.0,0.0
2025-05-07,47,0.0,0.0,0.0,0.0,0.0,0.0
2025-05-08,34,0.0,0.0,0.0,0.0,0.0,0.0
2025-05-09,51,0.0,2.0,2.0,2.0,2.0,0.0
2025-05-10,49,0.0,0.0,0.0,0.0,0.0,0.0
2025-05-11,44,0.0,6.0,8.0,2.0,6.0,0.0
2025-05-12,28,10.0,0.0,0.0,0.0,0.0,0.0
2025-05-13,42,8.0,0.0,0.0,0.0,0.0,0.0
2025-05-14,58,0.0,0.0,0.0,0.0,0.0,0.0
2025-05-15,56,2.0,0.0,0.0,0.0,0.0,0.0
2025-05-16,58,0.0,0.0,0.0,0.0,0.0,0.0
2025-05-17,57,0.0,0.0,0.0,0.0,0.0,0.0
2025-05-18,40,0.0,1.0,1.0,0.0,1.0,0.0
2025-05-19,56,0.0,2.0,2.0,2.0,2.0,0.0
2025-05-20,56,0.0,0.0,0.0,0.0,0.0,0.0
2025-05-21,58,0.0,2.0,2.0,2.0,2.0,0.0
2025-05-22,58,0.0,0.0,0.0,0.0,0.0,0.0
2025-05-23,48,0.0,2.0,2.0,2.0,2.0,0.0
2025-05-24,35,4.0,2.0,2.0,4.0,2.0,0.0
2025-05-25,58,0.0,0.0,0.0,0.0,0.0,0.0
2025-05-26,52,0.0,0.0,0.0,0.0,0.0,0.0
2025-05-27,32,0.0,5.0,5.0,2.0,5.0,0.0
2025-05-28,49,0.0,0.0,0.0,0.0,0.0,0.0
2025-05-29,46,0.0,2.0,2.0,0.0,2.0,0.0
2025-05-30,32,0.0,2.0,2.0,2.0,2.0,0.0
2025-05-31,43,0.0,0.0,0.0,0.0,0.0,0.0
2025-06-01,62,0.0,0.0,0.0,0.0,0.0,0.0
2025-06-02,56,0.0,2.0,2.0,2.0,2.0,0.0
2025-06-03,59,0.0,2.0,2.0,2.0,2.0,0.0
2025-06-04,56,2.0,0.0,0.0,0.0,0.0,0.0
2025-06-05,54,0.0,0.0,0.0,0.0,0.0,0.0
2025-06-06,51,0.0,0.0,0.0,0.0,0.0,0.0
2025-06-07,40,1.0,3.0,3.0,0.0,3.0,0.0
2025-06-08,57,0.0,0.0,0.0,0.0,0.0,0.0
2025-06-09,54,4.0,0.0,0.0,0.0,0.0,0.0
2025-06-10,57,0.0,0.0,0.0,0.0,0.0,0.0
2025-06-11,56,0.0,0.0,0.0,0.0,0.0,0.0
2025-06-12,53,0.0,0.0,0.0,0.0,0.0,0.0
2025-06-13,52,0.0,6.0,6.0,4.0,6.0,0.0
2025-06-14,50,0.0,8.0,8.0,2.0,8.0,0.0
2025-06-15,53,2.0,2.0,2.0,2.0,2.0,0.0
2025-06-16,47,0.0,0.0,0.0,0.0,0.0,0.0
2025-06-17,49,0.0,2.0,2.0,2.0,2.0,0.0
2025-06-18,53,0.0,0.0,0.0,0.0,0.0,0.0
2025-06-19,53,0.0,0.0,0.0,0.0,0.0,0.0
2025-06-20,34,6.0,0.0,0.0,0.0,0.0,0.0
2025-06-21,33,0.0,0.0,0.0,0.0,0.0,0.0
2025-06-22,37,0.0,0.0,0.0,0.0,0.0,0.0
2025-06-23,48,0.0,0.0,0.0,0.0,0.0,0.0
2025-06-24,49,0.0,0.0,0.0,0.0,0.0,0.0
2025-06-25,31,2.0,6.0,8.0,2.0,6.0,0.0
2025-06-26,9,0.0,0.0,0.0,0.0,0.0,0.0
2025-06-27,26,0.0,0.0,0.0,0.0,0.0,0.0
2025-06-28,44,0.0,0.0,0.0,0.0,0.0,0.0
2025-06-29,42,0.0,2.0,2.0,2.0,2.0,0.0
2025-06-30,40,0.0,0.0,0.0,0.0,0.0,0.0
2025-07-01,50,0.0,0.0,0.0,0.0,0.0,0.0
2025-07-02,19,0.0,0.0,0.0,0.0,0.0,0.0
2025-07-03,52,2.0,0.0,0.0,0.0,0.0,0.0
2025-07-04,42,0.0,0.0,0.0,0.0,0.0,0.0
2025-07-05,44,2.0,4.0,4.0,4.0,4.0,0.0
2025-07-06,17,0.0,0.0,0.0,0.0,0.0,0.0
2025-07-07,28,0.0,0.0,0.0,0.0,0.0,0.0
2025-07-08,44,0.0,0.0,0.0,0.0,0.0,0.0
2025-07-09,31,0.0,0.0,0.0,0.0,0.0,0.0
2025-07-10,18,2.0,0.0,0.0,0.0,0.0,0.0
2025-07-11,42,0.0,0.0,0.0,0.0,0.0,0.0
2025-07-12,57,0.0,0.0,0.0,0.0,0.0,0.0
2025-07-13,36,0.0,2.0,2.0,0.0,2.0,0.0
2025-07-14,43,0.0,2.0,2.0,2.0,2.0,0.0
2025-07-15,26,0.0,0.0,0.0,0.0,0.0,0.0
2025-07-16,48,6.0,0.0,0.0,0.0,0.0,0.0
2025-07-17,20,18.0,0.0,0.0,0.0,0.0,0.0
2025-07-18,50,0.0,4.0,4.0,4.0,4.0,0.0
2025-07-19,52,0.0,2.0,3.0,2.0,2.0,0.0
2025-07-20,50,0.0,0.0,0.0,0.0,0.0,0.0
2025-07-21,39,0.0,0.0,0.0,0.0,0.0,0.0
2025-07-22,27,0.0,0.0,0.0,0.0,0.0,0.0
2025-07-23,6,0.0,2.0,2.0,2.0,2.0,0.0
2025-07-24,40,0.0,0.0,0.0,0.0,0.0,0.0
2025-07-25,50,0.0,0.0,0.0,0.0,0.0,0.0
2025-07-26,47,2.0,0.0,0.0,0.0,0.0,0.0
2025-07-27,48,0.0,0.0,0.0,0.0,0.0,0.0
2025-07-28,48,0.0,0.0,0.0,0.0,0.0,0.0
2025-07-29,50,0.0,0.0,0.0,0.0,0.0,0.0
2025-07-30,45,0.0,0.0,0.0,0.0,0.0,0.0
2025-07-31,43,0.0,0.0,0.0,0.0,0.0,0.0
2025-08-01,46,0.0,0.0,0.0,0.0,0.0,0.0
2025-08-02,56,0.0,0.0,0.0,0.0,0.0,0.0
2025-08-03,55,0.0,0.0,0.0,0.0,0.0,0.0
2025-08-04,47,4.0,0.0,0.0,0.0,0.0,0.0
2025-08-05,42,0.0,0.0,0.0,0.0,0.0,0.0
2025-08-06,51,0.0,4.0,4.0,0.0,4.0,0.0
2025-08-07,28,2.0,0.0,0.0,0.0,0.0,0.0
2025-08-08,41,0.0,0.0,0.0,0.0,0.0,0.0
2025-08-09,49,0.0,0.0,0.0,0.0,0.0,0.0
2025-08-10,38,0.0,2.0,2.0,2.0,2.0,0.0
2025-08-11,46,2.0,0.0,0.0,0.0,0.0,0.0
2025-08-12,39,0.0,2.0,2.0,2.0,2.0,0.0
2025-08-13,18,0.0,0.0,0.0,0.0,0.0,0.0
2025-08-14,32,2.0,0.0,0.0,0.0,0.0,0.0
2025-08-15,17,0.0,0.0,0.0,0.0,0.0,0.0
2025-08-16,31,0.0,0.0,0.0,0.0,0.0,0.0
2025-08-17,18,4.0,6.0,10.0,2.0,6.0,2.0
2025-08-18,14,0.0,13.0,15.0,2.0,13.0,0.0
2025-08-19,23,0.0,4.0,4.0,2.0,4.0,0.0
2025-08-20,45,6.0,2.0,2.0,0.0,2.0,0.0
2025-08-21,47,6.0,0.0,0.0,0.0,0.0,0.0
2025-08-22,49,0.0,0.0,0.0,0.0,0.0,0.0
2025-08-23,32,0.0,0.0,0.0,0.0,0.0,0.0
2025-08-24,44,2.0,0.0,0.0,0.0,0.0,0.0
2025-08-25,50,0.0,0.0,0.0,0.0,0.0,0.0
2025-08-26,46,2.0,2.0,2.0,0.0,2.0,0.0
2025-08-27,45,8.0,2.0,2.0,2.0,2.0,0.0
2025-08-28,52,0.0,0.0,0.0,0.0,0.0,0.0
2025-08-29,45,0.0,0.0,0.0,0.0,0.0,0.0
2025-08-30,24,0.0,16.0,17.0,10.0,16.0,0.0
2025-08-31,46,2.0,0.0,0.0,0.0,0.0,0.0
2025-09-01,33,0.0,0.0,0.0,0.0,0.0,0.0
2025-09-02,43,8.0,6.0,6.0,0.0,6.0,0.0
2025-09-03,34,4.0,2.0,2.0,2.0,2.0,0.0
2025-09-04,54,2.0,0.0,0.0,0.0,0.0,0.0
2025-09-05,50,2.0,0.0,0.0,0.0,0.0,0.0
2025-09-06,45,6.0,0.0,0.0,0.0,0.0,0.0
2025-09-07,41,4.0,0.0,0.0,0.0,0.0,0.0
2025-09-08,51,0.0,0.0,0.0,0.0,0.0,0.0
2025-09-09,52,0.0,0.0,0.0,0.0,0.0,0.0
2025-09-10,50,0.0,0.0,0.0,0.0,0.0,0.0
2025-09-11,42,4.0,0.0,0.0,0.0,0.0,0.0
2025-09-12,45,0.0,0.0,0.0,0.0,0.0,0.0
2025-09-13,40,0.0,0.0,0.0,0.0,0.0,0.0
2025-09-14,40,0.0,0.0,0.0,0.0,0.0,0.0
2025-09-15,37,2.0,0.0,0.0,0.0,0.0,0.0
2025-09-16,38,2.0,2.0,2.0,4.0,2.0,0.0
2025-09-17,39,0.0,0.0,0.0,0.0,0.0,0.0
2025-09-18,17,0.0,0.0,0.0,0.0,0.0,0.0
2025-09-19,43,0.0,0.0,0.0,0.0,0.0,0.0
2025-09-20,41,0.0,0.0,0.0,0.0,0.0,0.0
2025-09-21,39,0.0,2.0,2.0,0.0,2.0,0.0
2025-09-22,37,0.0,2.0,2.0,2.0,2.0,0.0
2025-09-23,34,0.0,0.0,0.0,0.0,0.0,0.0
2025-09-24,32,0.0,0.0,0.0,0.0,0.0,0.0
2025-09-25,16,2.0,4.0,7.0,2.0,4.0,0.0
2025-09-26,46,0.0,0.0,0.0,0.0,0.0,0.0
2025-09-27,45,0.0,0.0,0.0,0.0,0.0,0.0
2025-09-28,43,0.0,0.0,0.0,0.0,0.0,0.0
2025-09-29,39,0.0,0.0,0.0,0.0,0.0,0.0
2025-09-30,39,0.0,0.0,0.0,0.0,0.0,0.0
2025-10-01,26,0.0,0.0,0.0,0.0,0.0,0.0
2025-10-02,33,0.0,0.0,0.0,0.0,0.0,0.0
2025-10-03,27,0.0,6.0,2.0,2.0,2.0,0.0
2025-10-04,36,0.0,12.0,16.0,10.0,12.0,0.0
2025-10-05,18,0.0,2.0,2.0,0.0,2.0,0.0
2025-10-06,16,0.0,2.0,2.0,2.0,2.0,0.0
2025-10-07,12,0.0,2.0,2.0,0.0,2.0,0.0
2025-10-08,43,0.0,0.0,0.0,0.0,0.0,0.0
2025-10-09,43,0.0,0.0,0.0,0.0,0.0,0.0
2025-10-10,34,3.0,0.0,0.0,0.0,0.0,0.0
2025-10-11,43,0.0,0.0,0.0,0.0,0.0,0.0
2025-10-12,44,0.0,0.0,0.0,0.0,0.0,0.0
2025-10-13,40,0.0,2.0,2.0,2.0,2.0,0.0
2025-10-14,25,8.0,0.0,0.0,0.0,0.0,0.0
2025-10-15,36,0.0,0.0,0.0,0.0,0.0,0.0
2025-10-16,36,0.0,0.0,0.0,0.0,0.0,0.0
2025-10-17,29,5.0,0.0,0.0,0.0,0.0,0.0
2025-10-18,32,0.0,0.0,0.0,0.0,0.0,0.0
2025-10-19,31,0.0,0.0,0.0,0.0,0.0,0.0
2025-10-20,30,2.0,0.0,0.0,0.0,0.0,0.0
2025-10-21,34,0.0,0.0,0.0,0.0,0.0,0.0
2025-10-22,29,2.0,2.0,2.0,2.0,2.0,0.0
2025-10-23,36,0.0,0.0,0.0,0.0,0.0,0.0
2025-10-24,31,4.0,0.0,0.0,0.0,0.0,0.0
2025-10-25,28,1.0,0.0,0.0,0.0,0.0,0.0
2025-10-26,7,0.0,2.0,2.0,2.0,2.0,0.0
2025-10-27,28,0.0,0.0,0.0,0.0,0.0,0.0
2025-10-28,24,0.0,2.0,2.0,2.0,2.0,0.0
2025-10-29,14,0.0,2.0,2.0,2.0,2.0,0.0
2025-10-30,25,0.0,0.0,0.0,0.0,0.0,0.0
2025-10-31,26,2.0,1.0,1.0,0.0,1.0,0.0
2025-11-01,27,0.0,0.0,0.0,0.0,0.0,0.0
2025-11-02,27,0.0,0.0,0.0,0.0,0.0,0.0
2025-11-03,27,0.0,0.0,0.0,0.0,0.0,0.0
2025-11-04,12,2.0,0.0,0.0,0.0,0.0,0.0
2025-11-05,32,0.0,0.0,0.0,0.0,0.0,0.0
2025-11-06,34,2.0,0.0,0.0,0.0,0.0,0.0
2025-11-07,23,4.0,0.0,0.0,0.0,0.0,0.0
2025-11-08,28,2.0,0.0,0.0,0.0,0.0,0.0
2025-11-09,28,0.0,0.0,0.0,0.0,0.0,0.0
2025-11-10,25,0.0,0.0,0.0,0.0,0.0,0.0
2025-11-11,24,0.0,0.0,0.0,0.0,0.0,0.0
2025-11-12,26,0.0,0.0,0.0,0.0,0.0,0.0
2025-11-13,24,2.0,0.0,0.0,0.0,0.0,0.0
2025-11-14,23,6.0,0.0,0.0,0.0,0.0,0.0
2025-11-15,24,0.0,0.0,0.0,0.0,0.0,0.0
2025-11-16,9,0.0,2.0,2.0,2.0,2.0,0.0
2025-11-17,22,2.0,0.0,0.0,0.0,0.0,0.0
2025-11-18,20,0.0,0.0,0.0,0.0,0.0,0.0
2025-11-19,15,0.0,2.0,2.0,2.0,2.0,0.0
2025-11-20,6,0.0,2.0,2.0,0.0,2.0,0.0
2025-11-21,18,0.0,0.0,0.0,0.0,0.0,0.0
2025-11-22,22,0.0,0.0,0.0,0.0,0.0,0.0
2025-11-23,18,4.0,0.0,0.0,0.0,0.0,0.0
2025-11-24,18,0.0,2.0,0.0,0.0,0.0,0.0
2025-11-25,20,0.0,0.0,0.0,0.0,0.0,0.0
2025-11-26,14,6.0,0.0,0.0,0.0,0.0,0.0
2025-11-27,16,4.0,0.0,0.0,0.0,0.0,0.0
2025-11-28,18,1.0,0.0,0.0,0.0,0.0,0.0
2025-11-29,20,0.0,0.0,0.0,0.0,0.0,0.0
2025-11-30,18,0.0,2.0,2.0,0.0,2.0,0.0
2025-12-01,17,2.0,0.0,0.0,0.0,0.0,0.0
2025-12-02,14,0.0,0.0,0.0,0.0,0.0,0.0
2025-12-03,18,0.0,0.0,0.0,0.0,0.0,0.0
2025-12-04,16,0.0,0.0,0.0,0.0,0.0,0.0
2025-12-05,12,0.0,0.0,0.0,0.0,0.0,0.0
2025-12-06,17,0.0,0.0,0.0,0.0,0.0,0.0
2025-12-07,16,2.0,0.0,0.0,0.0,0.0,0.0
2025-12-08,17,0.0,0.0,0.0,0.0,0.0,0.0
2025-12-09,14,0.0,0.0,0.0,0.0,0.0,0.0
2025-12-10,15,2.0,0.0,0.0,0.0,0.0,0.0
2025-12-11,14,4.0,0.0,0.0,0.0,0.0,0.0
2025-12-12,11,2.0,2.0,8.0,0.0,6.0,2.0
2025-12-13,8,4.0,0.0,0.0,0.0,0.0,0.0
2025-12-14,10,0.0,0.0,0.0,0.0,0.0,0.0
2025-12-15,11,8.0,4.0,4.0,2.0,4.0,0.0
2025-12-16,13,6.0,0.0,0.0,0.0,0.0,0.0
2025-12-17,11,0.0,0.0,0.0,0.0,0.0,0.0
2025-12-18,10,0.0,0.0,0.0,0.0,0.0,0.0
2025-12-19,12,0.0,0.0,0.0,0.0,0.0,0.0
2025-12-20,3,0.0,0.0,0.0,0.0,0.0,0.0
2025-12-21,13,0.0,6.0,2.0,0.0,2.0,0.0
2025-12-22,25,0.0,0.0,0.0,0.0,0.0,0.0
2025-12-23,24,4.0,2.0,4.0,2.0,2.0,0.0
2025-12-24,20,6.0,0.0,0.0,0.0,0.0,0.0
2025-12-25,30,4.0,0.0,0.0,0.0,0.0,0.0
2025-12-26,29,2.0,0.0,0.0,0.0,0.0,0.0
2025-12-27,28,6.0,0.0,0.0,0.0,0.0,0.0
2025-12-28,18,4.0,0.0,0.0,0.0,0.0,0.0
2025-12-29,19,0.0,4.0,4.0,2.0,4.0,0.0
2025-12-30,4,2.0,2.0,2.0,0.0,2.0,0.0
2025-12-31,5,0.0,0.0,0.0,0.0,0.0,0.0
2026-01-01,29,0.0,4.0,6.0,2.0,4.0,0.0
2026-01-02,32,2.0,2.0,2.0,2.0,2.0,0.0
2026-01-03,31,4.0,2.0,2.0,0.0,2.0,0.0
2026-01-04,22,0.0,0.0,0.0,0.0,0.0,0.0
2026-01-05,15,4.0,0.0,0.0,0.0,0.0,0.0
2026-01-06,24,4.0,0.0,0.0,0.0,0.0,0.0
2026-01-07,23,8.0,0.0,0.0,0.0,0.0,0.0
2026-01-08,35,0.0,0.0,0.0,0.0,0.0,0.0
2026-01-09,9,6.0,0.0,0.0,0.0,0.0,0.0
2026-01-10,31,0.0,0.0,0.0,0.0,0.0,0.0
2026-01-11,30,2.0,0.0,0.0,0.0,0.0,0.0
2026-01-12,16,0.0,0.0,0.0,0.0,0.0,0.0
2026-01-13,33,2.0,0.0,0.0,0.0,0.0,0.0
2026-01-14,31,0.0,0.0,0.0,0.0,0.0,0.0
2026-01-15,21,6.0,0.0,0.0,0.0,0.0,0.0
2026-01-16,23,0.0,0.0,0.0,0.0,0.0,0.0
2026-01-17,21,0.0,0.0,0.0,0.0,0.0,0.0
2026-01-18,23,0.0,0.0,0.0,0.0,0.0,0.0
2026-01-19,18,0.0,0.0,0.0,0.0,0.0,0.0
2026-01-20,13,4.0,0.0,0.0,0.0,0.0,0.0
2026-01-21,9,2.0,0.0,0.0,0.0,0.0,0.0
2026-01-22,2,0.0,10.0,12.0,2.0,11.0,0.0
2026-01-23,31,0.0,1.0,1.0,0.0,1.0,0.0
2026-01-24,33,2.0,0.0,0.0,0.0,0.0,0.0
2026-01-25,19,4.0,0.0,0.0,0.0,0.0,0.0
2026-01-26,11,0.0,0.0,0.0,0.0,0.0,0.0
2026-01-27,8,0.0,2.0,2.0,2.0,2.0,0.0
2026-01-28,27,4.0,2.0,2.0,2.0,2.0,0.0
2026-01-29,16,2.0,0.0,0.0,0.0,0.0,0.0
2026-01-30,25,0.0,0.0,0.0,0.0,0.0,0.0
2026-01-31,33,0.0,0.0,0.0,0.0,0.0,0.0
2026-02-01,25,0.0,0.0,0.0,0.0,0.0,0.0
2026-02-02,32,0.0,0.0,0.0,0.0,0.0,0.0
2026-02-02,24,0.0,0.0,0.0,0.0,0.0,0.0
2026-02-03,37,1.0,0.0,0.0,0.0,0.0,0.0
2026-02-04,34,0.0,0.0,0.0,0.0,0.0,0.0
2026-02-05,31,0.0,0.0,0.0,0.0,0.0,0.0
2026-02-06,8,0.0,0.0,0.0,0.0,0.0,0.0
2026-02-07,32,4.0,0.0,0.0,0.0,0.0,0.0
2026-02-08,32,0.0,0.0,0.0,0.0,0.0,0.0
2026-02-09,19,0.0,4.0,4.0,0.0,4.0,0.0
2026-02-10,11,0.0,2.0,2.0,2.0,2.0,0.0
2026-02-11,33,5.0,0.0,0.0,0.0,0.0,0.0
2026-02-12,40,1.0,2.0,2.0,0.0,2.0,0.0
2026-02-13,31,3.0,0.0,0.0,0.0,0.0,0.0
2026-02-14,38,0.0,0.0,0.0,0.0,0.0,0.0
2026-02-15,19,3.0,0.0,0.0,0.0,0.0,0.0
2026-02-16,39,0.0,0.0,0.0,0.0,0.0,0.0
2026-02-17,23,0.0,0.0,0.0,0.0,0.0,0.0
2026-02-18,39,0.0,0.0,0.0,0.0,0.0,0.0
2026-02-19,39,0.0,0.0,0.0,0.0,0.0,0.0
2026-02-20,32,3.0,0.0,0.0,0.0,0.0,0.0
2026-02-21,15,6.0,0.0,0.0,0.0,0.0,0.0
2026-02-22,19,16.0,0.0,0.0,0.0,0.0,0.0
2026-02-23,31,6.0,0.0,0.0,0.0,0.0,0.0
2026-02-24,17,3.0,2.0,2.0,2.0,2.0,0.0
2026-02-25,30,2.0,0.0,0.0,0.0,0.0,0.0
2026-02-26,35,0.0,0.0,0.0,0.0,0.0,0.0
2026-02-27,29,0.0,3.0,3.0,0.0,3.0,0.0
2026-02-28,44,0.0,0.0,0.0,0.0,0.0,0.0
2026-03-01,44,0.0,0.0,0.0,0.0,0.0,0.0
2026-03-02,46,0.0,0.0,0.0,0.0,0.0,0.0
2026-03-03,44,0.0,0.0,0.0,0.0,0.0,0.0
2026-03-04,38,0.0,0.0,0.0,0.0,0.0,0.0
2026-03-05,41,0.0,0.0,0.0,0.0,0.0,0.0
2026-03-06,36,0.0,2.0,2.0,2.0,2.0,0.0
2026-03-07,19,0.0,0.0,0.0,0.0,0.0,0.0
2026-03-08,39,0.0,0.0,0.0,0.0,0.0,0.0
2026-03-09,27,0.0,0.0,0.0,0.0,0.0,0.0
2026-03-10,34,0.0,0.0,0.0,0.0,0.0,0.0
2026-03-11,29,0.0,0.0,0.0,0.0,0.0,0.0
2026-03-12,36,0.0,0.0,0.0,0.0,0.0,0.0
2026-03-13,52,0.0,0.0,0.0,0.0,0.0,0.0
2026-03-14,48,0.0,0.0,0.0,0.0,0.0,0.0
2026-03-15,18,0.0,0.0,0.0,0.0,0.0,0.0
2026-03-16,47,0.0,0.0,0.0,0.0,0.0,0.0
2026-03-17,16,0.0,0.0,0.0,0.0,0.0,0.0
2026-03-18,7,0.0,0.0,0.0,0.0,0.0,0.0
2026-03-19,17,0.0,0.0,0.0,0.0,0.0,0.0
2026-03-20,50,0.0,0.0,0.0,0.0,0.0,0.0
2026-03-21,36,0.0,0.0,0.0,0.0,0.0,0.0
2026-03-22,49,0.0,0.0,0.0,0.0,0.0,0.0
2026-03-23,27,0.0,0.0,0.0,0.0,0.0,0.0
2026-03-24,50,0.0,0.0,0.0,0.0,0.0,0.0
2026-03-25,36,0.0,0.0,0.0,0.0,0.0,0.0
2026-03-26,39,0.0,0.0,0.0,0.0,0.0,0.0
2026-03-27,57,0.0,0.0,0.0,0.0,0.0,0.0
2026-03-28,32,0.0,0.0,0.0,0.0,0.0,0.0
2026-03-29,16,0.0,0.0,0.0,0.0,0.0,0.0
2026-03-30,14,0.0,2.0,2.0,0.0,2.0,0.0
2026-03-31,38,0.0,8.0,10.0,4.0,8.0,0.0
2026-04-01,39,0.0,2.0,2.0,2.0,2.0,0.0
2026-04-02,26,0.0,0.0,0.0,0.0,0.0,0.0
2026-04-03,7,2.0,3.0,2.0,2.0,2.0,1.0
2026-04-04,35,0.0,4.0,0.0,0.0,0.0,0.0
2026-04-05,48,0.0,2.0,3.0,0.0,2.0,0.0
